<?xml version="1.0" ?>
<swc xmlns="http://www.adobe.com/flash/swccatalog/9">
    <versions>
        <swc version="1.2"/>
        <flex version="4.7.0" build="353448" minimumSupportedVersion="3.0.0"/>
        <compiler name="ActionScript Compiler" version="2.0.0" build="353448"/>
    </versions>
    <features>
        <feature-script-deps/>
    </features>
    <libraries>
        <library path="library.swf">
            <script name="com/mangogames/phonenumberverification/PhoneNumberVerification" mod="1390885511085">
                <def id="com.mangogames.phonenumberverification:PhoneNumberVerification"/>
                <dep id="Error" type="e"/>
                <dep id="Object" type="i"/>
                <dep id="flash.external:ExtensionContext" type="s"/>
                <dep id="trace" type="e"/>
            </script>
            <digests>
                <digest type="SHA-256" signed="false" value="9700709d809717c51ffe1327475e988325c8db030223a2e67b58b9759cffdcd7"/>
            </digests>
        </library>
    </libraries>
</swc>